name,href,price
Glenfiddich 21 Year Old,https://www.whiskyshop.com/glenfiddich-21-year-old-gran-reserva,£150.00
Glen Scotia Dunnage Tasting Pack,https://www.whiskyshop.com/glen-scotia-dunnage-tasting-pack,£50.00
Invergordon 50 Year Old That Boutique-y Whisky Company,https://www.whiskyshop.com/invergordon-50-year-old-that-boutique-y-whisky-company,£349.95
Highland Single Malt #1 42 Year Old That Boutique-y Whisky Company,https://www.whiskyshop.com/highland-single-malt-1-42-year-old-that-boutique-y-whisky-company,£399.95
Green Isle,https://www.whiskyshop.com/green-isle,£29.95
Grace Ile 25 Year Old The Character of Islay Whisky Company,https://www.whiskyshop.com/grace-ile-25-year-old-the-character-of-islay-whisky-company,£299.95
Fiona Macleod 33 Year Old The Character of Islay Whisky Company ,https://www.whiskyshop.com/fiona-macleod-33-year-old-the-character-of-islay-whisky-company,£399.95
The Octave Laphroaig 2011 9 Year Old,https://www.whiskyshop.com/the-octave-laphroaig-2011-9-year-old,£149.99
Darkness Inchfad 13 Year Old Pedro Ximénez Cask,https://www.whiskyshop.com/darkness-inchfad-13-year-old-pedro-ximinez-cask,£64.95
Darkness Glen Elgin 12 Year Old Moscatel Cask,https://www.whiskyshop.com/darkness-glen-elgin-12-year-old-moscatel-cask,£64.95
Darkness Deanston 20 Year Old Palo Cortado Cask,https://www.whiskyshop.com/darkness-deanston-20-year-old-palo-cortado,£129.95
Darkness Dalmore 14 Year Old Oloroso Cask,https://www.whiskyshop.com/darkness-dalmore-14-year-old-oloroso-cask,£128.95
Darkness Caperdonich 24 Year Old Pedro Ximinez Cask,https://www.whiskyshop.com/darkness-caperdonich-24-year-old-pedro-ximinez-cask,£335.95
Darkness Benriach 7 Year Old Oloroso Cask,https://www.whiskyshop.com/darkness-benriach-7-year-old-oloroso-cask,£49.95
Darkness Balmenach 18 Year Old Moscatel Cask,https://www.whiskyshop.com/darkness-balmenach-18-year-old-moscatel-cask,£89.95
Darkness Aultmore 23 Year Old Oloroso Cask ,https://www.whiskyshop.com/darkness-aultmore-23-year-old-oloroso-cask,£99.95
Darkness Auchroisk 21 Year Old Moscatel Cask ,https://www.whiskyshop.com/darkness-auchroisk-21-year-old-moscatel-cask,£119.95
Rare Find Speyside 1982 39 Year Old,https://www.whiskyshop.com/rare-find-speyside-1982-39-year-old,£385.00
Port Charlotte Pac: 01 2001,https://www.whiskyshop.com/port-charlotte-pac-01-2001,£90.00
Aerstone 10 Year Old Land Cask,https://www.whiskyshop.com/aerstone-10-year-old-land-cask,£30.00
Aerstone 10 Year Old Sea Cask ,https://www.whiskyshop.com/aerstone-10-year-old-sea-cask,£30.00
Talisker 43 Year Old Xpedition Oak,https://www.whiskyshop.com/talisker-43-year-old-xpedition-oak,"£3,500.00"
Arran 1996 TWS Exclusive Single Cask #736,https://www.whiskyshop.com/arran-1996-736-the-whisky-shop-exclusive,
Rosebank 30 Year Old,https://www.whiskyshop.com/rosebank-30-year-old,"£1,650.00"
Laphroaig 10 Year Old Sherry Oak Finish,https://www.whiskyshop.com/laphroaig-10-year-old-sherry-oak,£65.00
Kingsbarns Balcomie,https://www.whiskyshop.com/kingsbarns-balcomie,£49.95
Kilchoman 2012 Sherry Cask The W Club Exclusive,https://www.whiskyshop.com/kilchoman-2012-sherry-cask-the-w-club-exclusive,£110.00
Glenturret Triple Wood 2020,https://www.whiskyshop.com/glenturret-triple-wood-2020,£47.45
Glenturret 30 Year Old,https://www.whiskyshop.com/glenturret-30-year-old,"£1,500.00"
Glenturret 10 Year Old Peat Smoked,https://www.whiskyshop.com/glenturret-10-year-old-peat-smoked,£52.45
Glenturret 15 Year Old,https://www.whiskyshop.com/glenturret-15-year-old,£110.00
Glenturret 12 Year Old,https://www.whiskyshop.com/glenturret-12-year-old,£64.95
Kilchoman Loch Gorm 2021,https://www.whiskyshop.com/kilchoman-loch-gorm-2021,£75.00
Golden Cask Caol Ila 35 Year Old,https://www.whiskyshop.com/caol-ila-35-year-old-golden-cask,£650.00
Longmorn 1987 33 Year Old Connoisseur's Choice,https://www.whiskyshop.com/longmorn-1987-33-year-old-connoisseurs-choice,£840.00
Balmenach 1987 32 Year Old Connoisseur's Choice,https://www.whiskyshop.com/balmenach-1987-32-year-old-connoisseurs-choice,£495.00
Strathisla 1987 33 Year Old Connoisseur's Choice,https://www.whiskyshop.com/strathisla-1987-33-year-old-connoisseurs-choice,£750.00
Benrinnes 1990 30 Year Old Connoisseur's Choice,https://www.whiskyshop.com/benrinnes-1990-30-year-old-connoisseurs-choice,£495.00
Littlemill Testament 1976,https://www.whiskyshop.com/littlemill-testament-1976,"£7,999.00"
Benriach 25 Year Old The Twenty Five,https://www.whiskyshop.com/benriach-25-year-old,£325.00
Old Malt Cask Jura 13 Year Old ,https://www.whiskyshop.com/old-malt-cask-jura-13-year-old,£102.00
GlenDronach 1992 27 Year Old Port Pipe Batch 18,https://www.whiskyshop.com/glendronach-27yo-1992-cask-5897-batch-18,£533.00
GlenDronach 1992 27 Year Old Oloroso Puncheon Batch 18,https://www.whiskyshop.com/glendronach-27yo-1992-cask-7411-batch-18,£533.00
GlenDronach 1994 26 Year Old Batch 18,https://www.whiskyshop.com/glendronach-26yo-1994-cask-4363-batch-18,£444.00
Ledaig Sinclair Series Rioja Cask Finish,https://www.whiskyshop.com/ledaig-sinclair-series-rioja-cask-finish,£36.00
anCnoc Peatheart Batch 2,https://www.whiskyshop.com/ancnoc-peatheart-batch-2,£52.00
Arran 1999 #225 The W Club Exclusive,https://www.whiskyshop.com/arran-1999-225-thew-club-exclusive,
Benriach Smoke Season,https://www.whiskyshop.com/benriach-the-smoke-season,£53.00
Glenkeir Treasures Secret Speyside 15 Year Old,https://www.whiskyshop.com/glenkeir-treasures-secret-speyside-15-year-old,£55.00
Tamdhu Batch Strength No. 5,https://www.whiskyshop.com/tamdhu-batch-strength-no-5,£86.99
Tamdhu 15 Year Old,https://www.whiskyshop.com/tamdhu-15-year-old,£86.99
Tamdhu 12 Year Old,https://www.whiskyshop.com/tamdhu-12-year-old,£47.99
Glengoyne Legacy Series Chapter 2 ,https://www.whiskyshop.com/glengoyne-legacy-series-chapter-2,£69.99
Glengoyne Cask Strength Batch 8,https://www.whiskyshop.com/glengoyne-cask-strength-batch-8,£74.99
Glengoyne 30 Year Old,https://www.whiskyshop.com/glengoyne-30-year-old,£845.00
Glengoyne 25 Year Old,https://www.whiskyshop.com/glengoyne-25-year-old,£395.00
Glengoyne 18 Year Old,https://www.whiskyshop.com/glengoyne-18-year-old,£114.99
Glengoyne 12 Year Old,https://www.whiskyshop.com/glengoyne-12-year-old,£44.99
Glengoyne 10 Year Old,https://www.whiskyshop.com/glengoyne-10-year-old,£39.99
Monkey Shoulder ,https://www.whiskyshop.com/monkey-shoulder,£35.00
Loch Lomond 14 Year Old,https://www.whiskyshop.com/loch-lomond-14-year-old,£55.00
Rare Find Tranquillity 1985 Highland Single Malt,https://www.whiskyshop.com/rare-find-tranquillity-1985-highland-single-malt,£385.00
Loch Lomond The Open Special Edition,https://www.whiskyshop.com/loch-lomond-the-open-special-edition,£40.00
Loch Lomond 20 Year Old Open Course Collection Royal St George’s,https://www.whiskyshop.com/loch-lomond-20-year-old-open-course-collection-royal-st-georges,£160.00
Johnnie Walker Blue Label Legendary Eight,https://www.whiskyshop.com/johnnie-walker-blue-label-legendary-eight,£275.00
Bunnahabhain 30 Year Old,https://www.whiskyshop.com/bunnahabhain-30-year-old,£500.00
John Walker & Sons King George V,https://www.whiskyshop.com/john-walker-sons-king-george-v,£550.00
Paul John Christmas Edition 2020,https://www.whiskyshop.com/paul-john-christmas-edition-2020,£64.95
Compass Box Magic Cask,https://www.whiskyshop.com/compass-box-magic-cask,£142.99
Johnnie Walker Blue Label Chinese New Year 2021 - Year of the Ox,https://www.whiskyshop.com/johnnie-walker-blue-label-chinese-new-year-2021-year-of-the-ox,£224.00
Balblair 1990 29 Year Old Connoisseur's Choice ,https://www.whiskyshop.com/balblair-1990-connoisseurs-choice,£620.00
Benriach 2005 UK Exclusive Pedro Ximenez Cask #5278,https://www.whiskyshop.com/benriach-2005-uk-exclusive-pedro-ximenez-cask-5278,£99.95
Benriach 2005 UK Exclusive Peated Rum Cask #7553,https://www.whiskyshop.com/benriach-2005-14-year-old-7553,£120.00
Black Bottle 10 Year Old,https://www.whiskyshop.com/black-bottle-10-year-old,£28.99
Deanston 10 Year Old Bordeaux Red Wine Cask Finish,https://www.whiskyshop.com/deanston-10-year-old-bordeaux-red-wine-cask-finish,£60.00
Character of Islay Bowmore 18 Year Old Wind & Waves #11714,https://www.whiskyshop.com/bowmore-18-year-old-wind-waves-11714,£294.95
The Singleton of Glen Ord 38 Year Old Epicurean Odyssey,https://www.whiskyshop.com/the-singleton-of-glen-ord-38-year-old-epicurean-odyssey,"£2,100.00"
Johnnie Walker Black Icon 200th Anniversary,https://www.whiskyshop.com/johnnie-walker-black-icon-200th-anniversary,£31.99
Drinks By The Dram Whisky Baubles ,https://www.whiskyshop.com/drinks-by-the-dram-whisky-baubles,£39.95
Glenmorangie 12 Year Old Malaga,https://www.whiskyshop.com/glenmorangie-12-year-old-malaga,£79.95
Compass Box Peat Monster Arcana,https://www.whiskyshop.com/compass-box-arcana,£72.99
anCnoc 2007 #660,https://www.whiskyshop.com/ancnoc-2007-660,£94.00
GlenAllachie 2006 #6620,https://www.whiskyshop.com/glenallachie-2006-6620,£99.00
Wemyss Malts Bunnahabhain 1990 28 Year Old Boat Captain's Brew,https://www.whiskyshop.com/bunnahabhain-1990-28-year-old-boat-captains-brew,£239.00
Wemyss Malts Bowmore 1988 31 Year Old Candied Violets,https://www.whiskyshop.com/bowmore-1988-31-year-old-candied-violets,£560.00
Golden Cask Linkwood 12 Year Old,https://www.whiskyshop.com/golden-cask-linkwood-12-year-old,£67.99
First Editions Aultmore 10 Year Old 2010,https://www.whiskyshop.com/first-editions-aultmore-10-year-old-2010,£70.00
Talisker 10 Year Old 20cl Hot Chocolate Gift Set,https://www.whiskyshop.com/talisker-hot-chocolate-gift-set,£25.00
Talisker Exploration Gift Set 3x5cl,https://www.whiskyshop.com/talisker-exploration-gift-set,£11.99
Johnnie Walker 18 Year Old Glass Gift Set,https://www.whiskyshop.com/johnnie-walker-18-year-old-glass-gift-set,£84.00
Johnnie Walker Black Label Gift Tin,https://www.whiskyshop.com/johnnie-walker-black-label-gift-tin,£30.00
Compass Box Spice Tree Extravaganza,https://www.whiskyshop.com/compass-box-spice-tree-extravaganza,£91.95
Compass Box Rogues Banquet,https://www.whiskyshop.com/compass-box-rogues-banquet,£184.95
Compass Box Juveniles,https://www.whiskyshop.com/compass-box-juveniles,£94.95
Compass Box Flaming Heart,https://www.whiskyshop.com/compass-box-flaming-heart,£120.00
Glendronach 27 Year Old #182 Oloroso UK Exclusive Single Cask,https://www.whiskyshop.com/glendronach-27-year-old-182-oloroso-uk-exclusive-single-cask,£420.00
Gordon & MacPhail Glen Grant 1954 59 Year Old,https://www.whiskyshop.com/gordon-macphail-glen-grant-1954-59-year-old,"£2,500.00"
Gordon & MacPhail Mortlach 1949 51 Year Old,https://www.whiskyshop.com/gordon-macphail-mortlach-1949-51-year-old,"£3,999.00"
Jura The Loch,https://www.whiskyshop.com/jura-the-loch,£89.99
Kilchoman Machir Bay Cask Strength Christmas Edition,https://www.whiskyshop.com/kilchoman-machir-bay-cask-strength-christmas-edition,£56.00
name,href,price
Glenfiddich 21 Year Old,https://www.whiskyshop.com/glenfiddich-21-year-old-gran-reserva,£150.00
Glen Scotia Dunnage Tasting Pack,https://www.whiskyshop.com/glen-scotia-dunnage-tasting-pack,£50.00
Invergordon 50 Year Old That Boutique-y Whisky Company,https://www.whiskyshop.com/invergordon-50-year-old-that-boutique-y-whisky-company,£349.95
Highland Single Malt #1 42 Year Old That Boutique-y Whisky Company,https://www.whiskyshop.com/highland-single-malt-1-42-year-old-that-boutique-y-whisky-company,£399.95
Green Isle,https://www.whiskyshop.com/green-isle,£29.95
Grace Ile 25 Year Old The Character of Islay Whisky Company,https://www.whiskyshop.com/grace-ile-25-year-old-the-character-of-islay-whisky-company,£299.95
Fiona Macleod 33 Year Old The Character of Islay Whisky Company ,https://www.whiskyshop.com/fiona-macleod-33-year-old-the-character-of-islay-whisky-company,£399.95
The Octave Laphroaig 2011 9 Year Old,https://www.whiskyshop.com/the-octave-laphroaig-2011-9-year-old,£149.99
Darkness Inchfad 13 Year Old Pedro Ximénez Cask,https://www.whiskyshop.com/darkness-inchfad-13-year-old-pedro-ximinez-cask,£64.95
Darkness Glen Elgin 12 Year Old Moscatel Cask,https://www.whiskyshop.com/darkness-glen-elgin-12-year-old-moscatel-cask,£64.95
Darkness Deanston 20 Year Old Palo Cortado Cask,https://www.whiskyshop.com/darkness-deanston-20-year-old-palo-cortado,£129.95
Darkness Dalmore 14 Year Old Oloroso Cask,https://www.whiskyshop.com/darkness-dalmore-14-year-old-oloroso-cask,£128.95
Darkness Caperdonich 24 Year Old Pedro Ximinez Cask,https://www.whiskyshop.com/darkness-caperdonich-24-year-old-pedro-ximinez-cask,£335.95
Darkness Benriach 7 Year Old Oloroso Cask,https://www.whiskyshop.com/darkness-benriach-7-year-old-oloroso-cask,£49.95
Darkness Balmenach 18 Year Old Moscatel Cask,https://www.whiskyshop.com/darkness-balmenach-18-year-old-moscatel-cask,£89.95
Darkness Aultmore 23 Year Old Oloroso Cask ,https://www.whiskyshop.com/darkness-aultmore-23-year-old-oloroso-cask,£99.95
Darkness Auchroisk 21 Year Old Moscatel Cask ,https://www.whiskyshop.com/darkness-auchroisk-21-year-old-moscatel-cask,£119.95
Rare Find Speyside 1982 39 Year Old,https://www.whiskyshop.com/rare-find-speyside-1982-39-year-old,£385.00
Port Charlotte Pac: 01 2001,https://www.whiskyshop.com/port-charlotte-pac-01-2001,£90.00
Aerstone 10 Year Old Land Cask,https://www.whiskyshop.com/aerstone-10-year-old-land-cask,£30.00
Aerstone 10 Year Old Sea Cask ,https://www.whiskyshop.com/aerstone-10-year-old-sea-cask,£30.00
Talisker 43 Year Old Xpedition Oak,https://www.whiskyshop.com/talisker-43-year-old-xpedition-oak,"£3,500.00"
Arran 1996 TWS Exclusive Single Cask #736,https://www.whiskyshop.com/arran-1996-736-the-whisky-shop-exclusive,
Rosebank 30 Year Old,https://www.whiskyshop.com/rosebank-30-year-old,"£1,650.00"
Laphroaig 10 Year Old Sherry Oak Finish,https://www.whiskyshop.com/laphroaig-10-year-old-sherry-oak,£65.00
Kingsbarns Balcomie,https://www.whiskyshop.com/kingsbarns-balcomie,£49.95
Kilchoman 2012 Sherry Cask The W Club Exclusive,https://www.whiskyshop.com/kilchoman-2012-sherry-cask-the-w-club-exclusive,£110.00
Glenturret Triple Wood 2020,https://www.whiskyshop.com/glenturret-triple-wood-2020,£47.45
Glenturret 30 Year Old,https://www.whiskyshop.com/glenturret-30-year-old,"£1,500.00"
Glenturret 10 Year Old Peat Smoked,https://www.whiskyshop.com/glenturret-10-year-old-peat-smoked,£52.45
Glenturret 15 Year Old,https://www.whiskyshop.com/glenturret-15-year-old,£110.00
Glenturret 12 Year Old,https://www.whiskyshop.com/glenturret-12-year-old,£64.95
Kilchoman Loch Gorm 2021,https://www.whiskyshop.com/kilchoman-loch-gorm-2021,£75.00
Golden Cask Caol Ila 35 Year Old,https://www.whiskyshop.com/caol-ila-35-year-old-golden-cask,£650.00
Longmorn 1987 33 Year Old Connoisseur's Choice,https://www.whiskyshop.com/longmorn-1987-33-year-old-connoisseurs-choice,£840.00
Balmenach 1987 32 Year Old Connoisseur's Choice,https://www.whiskyshop.com/balmenach-1987-32-year-old-connoisseurs-choice,£495.00
Strathisla 1987 33 Year Old Connoisseur's Choice,https://www.whiskyshop.com/strathisla-1987-33-year-old-connoisseurs-choice,£750.00
Benrinnes 1990 30 Year Old Connoisseur's Choice,https://www.whiskyshop.com/benrinnes-1990-30-year-old-connoisseurs-choice,£495.00
Littlemill Testament 1976,https://www.whiskyshop.com/littlemill-testament-1976,"£7,999.00"
Benriach 25 Year Old The Twenty Five,https://www.whiskyshop.com/benriach-25-year-old,£325.00
Old Malt Cask Jura 13 Year Old ,https://www.whiskyshop.com/old-malt-cask-jura-13-year-old,£102.00
GlenDronach 1992 27 Year Old Port Pipe Batch 18,https://www.whiskyshop.com/glendronach-27yo-1992-cask-5897-batch-18,£533.00
GlenDronach 1992 27 Year Old Oloroso Puncheon Batch 18,https://www.whiskyshop.com/glendronach-27yo-1992-cask-7411-batch-18,£533.00
GlenDronach 1994 26 Year Old Batch 18,https://www.whiskyshop.com/glendronach-26yo-1994-cask-4363-batch-18,£444.00
Ledaig Sinclair Series Rioja Cask Finish,https://www.whiskyshop.com/ledaig-sinclair-series-rioja-cask-finish,£36.00
anCnoc Peatheart Batch 2,https://www.whiskyshop.com/ancnoc-peatheart-batch-2,£52.00
Arran 1999 #225 The W Club Exclusive,https://www.whiskyshop.com/arran-1999-225-thew-club-exclusive,
Benriach Smoke Season,https://www.whiskyshop.com/benriach-the-smoke-season,£53.00
Glenkeir Treasures Secret Speyside 15 Year Old,https://www.whiskyshop.com/glenkeir-treasures-secret-speyside-15-year-old,£55.00
Tamdhu Batch Strength No. 5,https://www.whiskyshop.com/tamdhu-batch-strength-no-5,£86.99
Tamdhu 15 Year Old,https://www.whiskyshop.com/tamdhu-15-year-old,£86.99
Tamdhu 12 Year Old,https://www.whiskyshop.com/tamdhu-12-year-old,£47.99
Glengoyne Legacy Series Chapter 2 ,https://www.whiskyshop.com/glengoyne-legacy-series-chapter-2,£69.99
Glengoyne Cask Strength Batch 8,https://www.whiskyshop.com/glengoyne-cask-strength-batch-8,£74.99
Glengoyne 30 Year Old,https://www.whiskyshop.com/glengoyne-30-year-old,£845.00
Glengoyne 25 Year Old,https://www.whiskyshop.com/glengoyne-25-year-old,£395.00
Glengoyne 18 Year Old,https://www.whiskyshop.com/glengoyne-18-year-old,£114.99
Glengoyne 12 Year Old,https://www.whiskyshop.com/glengoyne-12-year-old,£44.99
Glengoyne 10 Year Old,https://www.whiskyshop.com/glengoyne-10-year-old,£39.99
Monkey Shoulder ,https://www.whiskyshop.com/monkey-shoulder,£35.00
Loch Lomond 14 Year Old,https://www.whiskyshop.com/loch-lomond-14-year-old,£55.00
Rare Find Tranquillity 1985 Highland Single Malt,https://www.whiskyshop.com/rare-find-tranquillity-1985-highland-single-malt,£385.00
Loch Lomond The Open Special Edition,https://www.whiskyshop.com/loch-lomond-the-open-special-edition,£40.00
Loch Lomond 20 Year Old Open Course Collection Royal St George’s,https://www.whiskyshop.com/loch-lomond-20-year-old-open-course-collection-royal-st-georges,£160.00
Johnnie Walker Blue Label Legendary Eight,https://www.whiskyshop.com/johnnie-walker-blue-label-legendary-eight,£275.00
Bunnahabhain 30 Year Old,https://www.whiskyshop.com/bunnahabhain-30-year-old,£500.00
John Walker & Sons King George V,https://www.whiskyshop.com/john-walker-sons-king-george-v,£550.00
Paul John Christmas Edition 2020,https://www.whiskyshop.com/paul-john-christmas-edition-2020,£64.95
Compass Box Magic Cask,https://www.whiskyshop.com/compass-box-magic-cask,£142.99
Johnnie Walker Blue Label Chinese New Year 2021 - Year of the Ox,https://www.whiskyshop.com/johnnie-walker-blue-label-chinese-new-year-2021-year-of-the-ox,£224.00
Balblair 1990 29 Year Old Connoisseur's Choice ,https://www.whiskyshop.com/balblair-1990-connoisseurs-choice,£620.00
Benriach 2005 UK Exclusive Pedro Ximenez Cask #5278,https://www.whiskyshop.com/benriach-2005-uk-exclusive-pedro-ximenez-cask-5278,£99.95
Benriach 2005 UK Exclusive Peated Rum Cask #7553,https://www.whiskyshop.com/benriach-2005-14-year-old-7553,£120.00
Black Bottle 10 Year Old,https://www.whiskyshop.com/black-bottle-10-year-old,£28.99
Deanston 10 Year Old Bordeaux Red Wine Cask Finish,https://www.whiskyshop.com/deanston-10-year-old-bordeaux-red-wine-cask-finish,£60.00
Character of Islay Bowmore 18 Year Old Wind & Waves #11714,https://www.whiskyshop.com/bowmore-18-year-old-wind-waves-11714,£294.95
The Singleton of Glen Ord 38 Year Old Epicurean Odyssey,https://www.whiskyshop.com/the-singleton-of-glen-ord-38-year-old-epicurean-odyssey,"£2,100.00"
Johnnie Walker Black Icon 200th Anniversary,https://www.whiskyshop.com/johnnie-walker-black-icon-200th-anniversary,£31.99
Drinks By The Dram Whisky Baubles ,https://www.whiskyshop.com/drinks-by-the-dram-whisky-baubles,£39.95
Glenmorangie 12 Year Old Malaga,https://www.whiskyshop.com/glenmorangie-12-year-old-malaga,£79.95
Compass Box Peat Monster Arcana,https://www.whiskyshop.com/compass-box-arcana,£72.99
anCnoc 2007 #660,https://www.whiskyshop.com/ancnoc-2007-660,£94.00
GlenAllachie 2006 #6620,https://www.whiskyshop.com/glenallachie-2006-6620,£99.00
Wemyss Malts Bunnahabhain 1990 28 Year Old Boat Captain's Brew,https://www.whiskyshop.com/bunnahabhain-1990-28-year-old-boat-captains-brew,£239.00
Wemyss Malts Bowmore 1988 31 Year Old Candied Violets,https://www.whiskyshop.com/bowmore-1988-31-year-old-candied-violets,£560.00
Golden Cask Linkwood 12 Year Old,https://www.whiskyshop.com/golden-cask-linkwood-12-year-old,£67.99
First Editions Aultmore 10 Year Old 2010,https://www.whiskyshop.com/first-editions-aultmore-10-year-old-2010,£70.00
Talisker 10 Year Old 20cl Hot Chocolate Gift Set,https://www.whiskyshop.com/talisker-hot-chocolate-gift-set,£25.00
Talisker Exploration Gift Set 3x5cl,https://www.whiskyshop.com/talisker-exploration-gift-set,£11.99
Johnnie Walker 18 Year Old Glass Gift Set,https://www.whiskyshop.com/johnnie-walker-18-year-old-glass-gift-set,£84.00
Johnnie Walker Black Label Gift Tin,https://www.whiskyshop.com/johnnie-walker-black-label-gift-tin,£30.00
Compass Box Spice Tree Extravaganza,https://www.whiskyshop.com/compass-box-spice-tree-extravaganza,£91.95
Compass Box Rogues Banquet,https://www.whiskyshop.com/compass-box-rogues-banquet,£184.95
Compass Box Juveniles,https://www.whiskyshop.com/compass-box-juveniles,£94.95
Compass Box Flaming Heart,https://www.whiskyshop.com/compass-box-flaming-heart,£120.00
Glendronach 27 Year Old #182 Oloroso UK Exclusive Single Cask,https://www.whiskyshop.com/glendronach-27-year-old-182-oloroso-uk-exclusive-single-cask,£420.00
Gordon & MacPhail Glen Grant 1954 59 Year Old,https://www.whiskyshop.com/gordon-macphail-glen-grant-1954-59-year-old,"£2,500.00"
Gordon & MacPhail Mortlach 1949 51 Year Old,https://www.whiskyshop.com/gordon-macphail-mortlach-1949-51-year-old,"£3,999.00"
Jura The Loch,https://www.whiskyshop.com/jura-the-loch,£89.99
Kilchoman Machir Bay Cask Strength Christmas Edition,https://www.whiskyshop.com/kilchoman-machir-bay-cask-strength-christmas-edition,£56.00
Darkness Caperdonich 23 Year Old 10188,https://www.whiskyshop.com/darkness-caperdonich-23-year-old-10188,£307.95
Darkness Aultmore 22 Year Old 10358,https://www.whiskyshop.com/darkness-aultmore-22-year-old-10358,£87.95
Octomore 11.3 Islay Barley,https://www.whiskyshop.com/octomore-11-3-islay-barley,£175.00
Bruichladdich Black Art 8,https://www.whiskyshop.com/bruichladdich-black-art-8,£289.95
Ardbeg Wee Beastie,https://www.whiskyshop.com/ardbeg-wee-beastie,£39.00
The Loch Fyne Bunnahabhain 14 Year Old 2005,https://www.whiskyshop.com/the-loch-fyne-bunnahabhain-14-year-old-2005,£95.00
The Loch Fyne Craigellachie 12 Year Old 2008,https://www.whiskyshop.com/the-loch-fyne-craigellachie-12-year-old-2008,£80.00
Arran Port Wood Cask Finish,https://www.whiskyshop.com/arran-port-wood-cask-finish,£49.99
Arran Sauternes Cask Finish,https://www.whiskyshop.com/arran-sauternes-cask-finish,£49.99
The Loch Fyne The Living Cask Batch 10,https://www.whiskyshop.com/the-loch-fyne-the-living-cask-batch-10, £45.00
Macallan 50 Year Old Red Collection,https://www.whiskyshop.com/macallan-50-year-old-red-collection,"£69,995.00"
John Walker & Sons 28 Year Old Bicentenary Blend,https://www.whiskyshop.com/john-walker-sons-28-year-old-bicentenary-blend,£725.00
GlenAllachie 9 Year Old Rye Cask Finish,https://www.whiskyshop.com/glenallachie-9-year-old-rye-cask-finish,£58.99
Darkness 8 Year Old,https://www.whiskyshop.com/darkness-8-year-old,£49.99
Character of Islay Tasting Set Pack,https://www.whiskyshop.com/character-of-islay-tasting-set-pack,£29.99
Darkness Bowmore 17 Year Old Moscatel Cask Finish,https://www.whiskyshop.com/bowmore-17-year-old-moscatel-cask-finish,£193.99
Aerolite Lyndsay Islay 10 Year Old,https://www.whiskyshop.com/aerolite-lyndsay-islay-10-year-old,£39.95
Dalmore 12 Year Old Sherry Cask Select,https://www.whiskyshop.com/dalmore-12-year-old-sherry-cask,£69.00
Deanston 1991 Muscat Cask Finish,https://www.whiskyshop.com/deanston-1991-muscat-cask-finish,£270.00
Deanston 2002 Pinot Noir Cask,https://www.whiskyshop.com/deanston-2002-pinot-noir-cask,£110.00
Deanston 2002 Organic,https://www.whiskyshop.com/deanston-2002-organic,£134.99
Bunnahabhain 2008 Manzanilla Cask,https://www.whiskyshop.com/bunnahabhain-2008-manzanilla-cask,£149.99
Bunnahabhain 1997 Moine,https://www.whiskyshop.com/bunnahabhain-1997-moine,£369.99
Tobermory 23 Year Old,https://www.whiskyshop.com/tobermory-23-year-old,£269.99
Balvenie Tun 1509 Batch 7,https://www.whiskyshop.com/balvenie-tun-1509-batch-7,£300.00
Benriach The Original Ten,https://www.whiskyshop.com/catalog/product/view/id/7898/s/benriach-original-ten/,£45.00
Benriach The Twelve,https://www.whiskyshop.com/benriach-the-twelve,£50.00
Loch Lomond 30 Year Old,https://www.whiskyshop.com/loch-lomond-30-year-old,£500.00
Pittyvaich 30 Year Old Special Releases 2020,https://www.whiskyshop.com/pittyvaich-30-year-old-special-releases-2020,£400.00
Dalwhinnie 30 Year Old Special Releases 2020,https://www.whiskyshop.com/dalwhinnie-30-year-old-special-releases-2020,£550.00
Cardhu 11 Year Old Special Releases 2020,https://www.whiskyshop.com/cardhu-11-year-old-special-releases-2020,£85.00
Talisker 8 Year Old Special Releases 2020,https://www.whiskyshop.com/talisker-8-year-old-special-releases-2020,£90.00
Bunnahabhain Cruach-Mhona,https://www.whiskyshop.com/bunnahabhain-cruach-mhona,£84.99
Loch Lomond Wales Open & Celtic Classic Oloroso Cask,https://www.whiskyshop.com/loch-lomond-wales-open-celtic-classic,£84.99
Loch Lomond The English Open Sauternes Cask,https://www.whiskyshop.com/loch-lomond-the-english-open,£84.99
Loch Lomond British Masters Limousin Oak Cask,https://www.whiskyshop.com/loch-lomond-british-masters,£84.99
Loch Lomond The English Championship Rum Cask,https://www.whiskyshop.com/loch-lomond-the-english-championship,£89.99
Loch Lomond The UK Championship Tawny Port Cask,https://www.whiskyshop.com/loch-lomond-the-uk-championship,£89.99
First Editions Talisker 2010 8 Year Old,https://www.whiskyshop.com/first-editions-talisker-2010-8-year-old,£105.99
Fettercairn 22 Year Old,https://www.whiskyshop.com/fettercairn-22-year-old,£200.00
Port Charlotte OLC: 01 2010 Heavily Peated,https://www.whiskyshop.com/port-charlotte-olc-2010,£86.95
Macallan 18 Year Old Double Cask,https://www.whiskyshop.com/macallan-18-year-old-double-cask, £250.00
Macallan 15 Year Old Double Cask,https://www.whiskyshop.com/macallan-15-year-old-double-cask, £100.00
Macallan 1954 47 Year Old Fine & Rare #1902,https://www.whiskyshop.com/macallan-1954-47-year-old-fine-rare,"£31,995.00"
Macallan 1940 37 Year Old Fine & Rare ,https://www.whiskyshop.com/macallan-1940-37-year-old-fine-rare,
The Glenlivet Spectra,https://www.whiskyshop.com/glenlivet-spectra,£99.95
Teacher's Highland Cream,https://www.whiskyshop.com/teachers-highland-cream-whisky,£20.00
Glenallachie 2008 #508,https://www.whiskyshop.com/glenallachie-2008-508,£89.95
Balvenie The Edge of Burnhead Wood 19 Year Old,https://www.whiskyshop.com/balvenie-the-edge-of-burnhead-wood-19-year-old,£260.00
Port Ellen 40 Year Old 9 Rogue Casks,https://www.whiskyshop.com/port-ellen-40-year-old-9-rogue-casks,"£6,395.00"
Wemyss Malts Velvet Fig 25 Year Old,https://www.whiskyshop.com/wemyss-malts-velvet-fig-25-year-old,
Arran 1995 #217,https://www.whiskyshop.com/arran-1995-217,£225.00
Old Malt Cask Ardbeg 32 Year Old 1967,https://www.whiskyshop.com/old-malt-cask-ardbeg-32-year-old-1967,"£3,495.00"
Glenkeir Treasures Twin Casks Secret Highland 11 Year Old,https://www.whiskyshop.com/glenkeir-treasures-twin-casks-secret-highland-11-year-old,£70.00
Glen Scotia 2009 #784,https://www.whiskyshop.com/glen-scotia-2009-784,£65.00
First Editions Blair Athol 2009,https://www.whiskyshop.com/first-editions-blair-athol-2009,£70.00
Ardbeg 1972 VELIER,https://www.whiskyshop.com/ardbeg-1972-velier,"£6,995.00"
Dalmore 25 Year Old - 2019,https://www.whiskyshop.com/dalmore-25-year-old-2019,£875.00
Stylish Whisky Mini Nessie Decanter 10cl,https://www.whiskyshop.com/stylish-whisky-mini-nessie-decanter-10cl,£25.00
Stylish Whisky Mini Piper Decanter 10cl,https://www.whiskyshop.com/stylish-whisky-mini-piper-decanter-10cl,£25.00
Stylish Whisky Mini Golf Decanter 10cl,https://www.whiskyshop.com/stylish-whisky-mini-golf-decanter-10cl,£25.00
Johnnie Walker Blue Label Rare Side of Scotland,https://www.whiskyshop.com/johnnie-walker-blue-label-rare-side-of-scotland,£215.00
Arran Quarter Cask The Bothy,https://www.whiskyshop.com/arran-quarter-cask-the-bothy,£55.00
Jura 1989,https://www.whiskyshop.com/jura-1989,£600.00
Glen Moray Rhum Agricole,https://www.whiskyshop.com/glen-moray-rhum-agricole,£59.00
Nectar Grove Batch Strength,https://www.whiskyshop.com/nectar-grove-batch-strength,£50.00
First Editions Glen Garioch 2008 10 Year Old,https://www.whiskyshop.com/first-editions-glen-garioch-2008-10-year-old,£70.00
Glenrothes Whisky Maker's Cut,https://www.whiskyshop.com/glenrothes-whisky-maker-s-cut,£45.80
Laphroaig Lore Gift Set,https://www.whiskyshop.com/laphroaig-lore-gift-set,£89.00
Jura 12 Year Old Gift Pack 2019,https://www.whiskyshop.com/jura-12-year-old-gift-pack-2019,£45.00
Johnnie Walker Sweet Peat,https://www.whiskyshop.com/johnnie-walker-sweet-peat,£30.00
Benromach 15 Year Old,https://www.whiskyshop.com/benromach-15-year-old,£65.95
1770 Peated No.1,https://www.whiskyshop.com/1770-peated-no-1,£49.00
Glendronach 1993 26 Year Old #7434,https://www.whiskyshop.com/glendronach-1993-26-year-old-7434,
The Loch Fyne Gift Box Pick 'n' Mix,https://www.whiskyshop.com/the-loch-fyne-gift-builder, £38.00
Laphroaig 25 Year Old Cask Strength,https://www.whiskyshop.com/laphroaig-25-year-old-cask-strength,£460.00
Glen Moray 21 Year Old,https://www.whiskyshop.com/glen-moray-21-year-old,£145.00
The Lost Distillery Co. Discovery Selection Gift Pack 3x5cl,https://www.whiskyshop.com/the-lost-distillery-co-discovery-selection-gift-pack-3x5cl,£17.50
Magnum Highland Cream Liqueur,https://www.whiskyshop.com/magnum-highland-cream-liqueur,£18.99
Bruichladdich The Classic Laddie Scottish Barley Gift Pack,https://www.whiskyshop.com/bruichladdich-the-classic-laddie-scottish-barley-gift-pack,£52.00
Macallan Exceptional Single Cask 1950,https://www.whiskyshop.com/macallan-exceptional-single-cask-1950,"£69,000.00"
Balblair 25 Year Old,https://www.whiskyshop.com/balblair-25-year-old,£525.00
Glenfiddich Grand Cru 23 Year Old,https://www.whiskyshop.com/glenfiddich-grand-cru-23-year-old,£220.00
Johnnie Walker Taster Gift Set 3x5cl,https://www.whiskyshop.com/johnnie-walker-taster-gift-set-3x5cl,£20.00
The Loch Fyne Glentauchers 11 Year Old,https://www.whiskyshop.com/the-loch-fyne-glentauchers-11-year-old, £75.00
The Loch Fyne Aultmore 12 Year Old,https://www.whiskyshop.com/the-loch-fyne-aultmore-12-year-old, £80.00
The Last Drop 56 Year Old,https://www.whiskyshop.com/the-last-drop-56-year-old,"£3,750.00"
Johnnie Walker Blue Label Ghost & Rare: Glenury Royal,https://www.whiskyshop.com/johnnie-walker-blue-label-ghost-rare-glenury-royal,£269.00
Jura Gift Pack 3x5cl,https://www.whiskyshop.com/jura-gift-pack-3x5cl,£21.00
GlenAllachie 25 Year Old,https://www.whiskyshop.com/glenallachie-25-year-old,£250.00
Old Pulteney 25 Year Old - 2019,https://www.whiskyshop.com/old-pulteney-25-year-old-2019,£425.00
Jura Two-One-Two (212),https://www.whiskyshop.com/jura-two-one-two,£79.99
Talisker 41 Year Old,https://www.whiskyshop.com/talisker-41-year-old,"£2,900.00"
Highland Park 12 Year Old,https://www.whiskyshop.com/highland-park-12-year-old,£40.00
Stylish Whisky Golf Club Decanter 20cl,https://www.whiskyshop.com/stylish-whisky-golf-club-decanter-20cl,£45.00
Pot Still Decanter with Tap & 2 Glasses,https://www.whiskyshop.com/pot-still-tap-and-glasses,£80.00
The Lost Distillery Co. Dalaruan,https://www.whiskyshop.com/the-lost-distillery-co-dalaruan,£50.00
Auchentoshan Gift Pack 3x5cl,https://www.whiskyshop.com/auchentoshan-gift-pack-3x5cl,£32.00
Loch Lomond 12 Year Old Taster Pack,https://www.whiskyshop.com/loch-lomond-12-year-old-taster-pack,£26.00
Benromach Cask Strength 2009,https://www.whiskyshop.com/benromach-cask-strength-2009,£54.95
Kilchoman Twin Pack 2x20cl,https://www.whiskyshop.com/kilchoman-twin-pack-2x20cl,£54.00
Loch Lomond Single Grain,https://www.whiskyshop.com/loch-lomond-single-grain,£30.00
Piper Decanter,https://www.whiskyshop.com/piper-decanter,£80.00
Jura 21 Year Old Tide,https://www.whiskyshop.com/jura-21-year-old-tide,£160.00
Macallan 10 Year Old Sherry Oak,https://www.whiskyshop.com/macallan-10-year-old-sherry-oak-1,£300.00
Stylish Whisky Globe Decanter 20cl,https://www.whiskyshop.com/stylish-whisky-globe-decanter-20cl,£45.00
Bruichladdich Islay Barley 20cl,https://www.whiskyshop.com/bruichladdich-islay-barley-20cl,£28.00
Bruichladdich The Classic Laddie 20cl,https://www.whiskyshop.com/bruichladdich-the-classic-laddie-20cl,£26.00
Longrow Peated,https://www.whiskyshop.com/longrow-peated,
Glengoyne 21 Year Old,https://www.whiskyshop.com/glengoyne-21-year-old,£170.00
Kilchoman Sanaig ,https://www.whiskyshop.com/kilchoman-sanaig,£47.49
Kilchoman Machir Bay,https://www.whiskyshop.com/kilchoman-marchir-bay,£49.00
1770 Glasgow Single Malt,https://www.whiskyshop.com/1770-glasgow-malt,£49.00
Balvenie A Day of Dark Barley 26 Year Old,https://www.whiskyshop.com/balvenie-a-day-of-dark-barley-26-year-old,£625.00
Balvenie The Week of Peat 14 Year Old,https://www.whiskyshop.com/balvenie-the-week-of-peat-14-year-old,£65.00
Balvenie The Sweet Toast of American Oak 12 Year Old,https://www.whiskyshop.com/balvenie-the-sweet-toast-of-american-oak-12-year-old,£50.00
Macallan Estate 2019,https://www.whiskyshop.com/macallan-estate,£195.00
Johnnie Walker 18 Year Old,https://www.whiskyshop.com/johnnie-walker-18-year-old,£82.00
Whisky Works Glaswegian 29 Year Old,https://www.whiskyshop.com/whisky-works-glaswegian-29-year-old,£130.00
Whisky Works King of Trees 10 Year Old,https://www.whiskyshop.com/whisky-works-king-of-trees-10-year-old,£75.00
Tobermory 12 Year Old,https://www.whiskyshop.com/tobermory-12-year-old,£38.85
GlenDronach 1992 26 Year Old The Whisky Shop Exclusive,https://www.whiskyshop.com/glendronach-1992-26-year-old-the-whisky-shop-exclusive,
Balblair 18 Year Old,https://www.whiskyshop.com/balblair-18-year-old,£103.95
Balblair 15 Year Old,https://www.whiskyshop.com/balblair-15-year-old,£80.00
Kingsbarns Dream to Dram,https://www.whiskyshop.com/kingsbarns-dream-to-dram,£49.00
Balblair 12 Year Old,https://www.whiskyshop.com/balblair-12-year-old,£52.00
Compass Box The Spaniard,https://www.whiskyshop.com/compass-box-the-spaniard,£57.00
Macallan 1938 31 Year Old Fine & Rare,https://www.whiskyshop.com/macallan-1938-31-year-old-fine-rare,"£42,500.00"
Macallan 1947 15 Year Old Fine & Rare,https://www.whiskyshop.com/macallan-1947-15-year-old-fine-rare,"£34,000.00"
Glenglassaugh Evolution,https://www.whiskyshop.com/glenglassaugh-evolution,£55.00
Balvenie 1971 DCS Chapter 4,https://www.whiskyshop.com/balvenie-1971-dcs-chapter-4,"£20,995.00"
Glen Moray Mastery,https://www.whiskyshop.com/glen-moray-mastery,£900.00
Macallan 1940 35 Year Old Fine & Rare,https://www.whiskyshop.com/macallan-1940-35-year-old-fine-rare,"£40,000.00"
Glenkeir Treasures Secret Islay,https://www.whiskyshop.com/glenkeir-treasures-secret-islay,£55.00
Auchentoshan American Oak,https://www.whiskyshop.com/auchentoshan-american-oak,£33.00
Glen Scotia Victoriana,https://www.whiskyshop.com/glen-scotia-victoriana, £73.00
Talisker 1953 24 Year Old Connoisseur's Choice,https://www.whiskyshop.com/talisker-1953-24-year-old-connoisseur-s-choice,"£3,000.00"
Talisker 1952 21 Year Old Connoisseur's Choice,https://www.whiskyshop.com/talisker-1952-21-year-old-connoisseur-s-choice,"£2,500.00"
Johnnie Walker Green Label,https://www.whiskyshop.com/johnnie-walker-green-label,£40.63
Ballantine's Miltonduff 17 Year Old,https://www.whiskyshop.com/ballantine-s-miltonduff-17-year-old,£93.00
The John Walker ,https://www.whiskyshop.com/the-john-walker,"£2,115.00"
Glenfiddich 30 Year Old ,https://www.whiskyshop.com/glenfiddich-30-year-old,£500.00
Glendronach Peated Cask ,https://www.whiskyshop.com/glendronach-peated-cask,
Laphroaig Select,https://www.whiskyshop.com/laphroaig-select,£40.00
Glenglassaugh 30 Year Old,https://www.whiskyshop.com/glenglassaugh-30-year-old,£360.00
Royal Lochnagar 12 Year Old,https://www.whiskyshop.com/royal-lochnagar-12-year-old,£64.00
Port Charlotte Islay Barley ,https://www.whiskyshop.com/port-charlotte-islay-barley,£65.00
Glenfarclas 1984 ,https://www.whiskyshop.com/glenfarclas-1984,"£5,500.00"
Glenfarclas 1975 ,https://www.whiskyshop.com/glenfarclas-1975,"£5,900.00"
Glenfarclas 1974,https://www.whiskyshop.com/glenfarclas-1974,"£3,500.00"
Glenfarclas 1973,https://www.whiskyshop.com/glenfarclas-1973,"£3,500.00"
Glenfarclas 1967,https://www.whiskyshop.com/glenfarclas-1967,"£3,999.00"
Glenfarclas 1965,https://www.whiskyshop.com/glenfarclas-1965,"£3,999.00"
Glenfarclas 1961,https://www.whiskyshop.com/glenfarclas-1961,"£4,400.00"
Glenfarclas 1958,https://www.whiskyshop.com/glenfarclas-1958,"£7,300.00"
Glenfarclas 1957,https://www.whiskyshop.com/glenfarclas-1957,"£10,850.00"
Glenfiddich 18 Year Old 5cl,https://www.whiskyshop.com/glenfiddich-18-year-old-5cl,£11.00
Famous Grouse ,https://www.whiskyshop.com/famous-grouse,£19.00
Stag's Breath,https://www.whiskyshop.com/stag-s-breath,£23.00
Glenfiddich 15 Year Old Solera 20cl,https://www.whiskyshop.com/glenfiddich-15-year-old-solera-20cl,£27.00
Cragganmore Distillers Edition ,https://www.whiskyshop.com/cragganmore-distillers-edition,£63.00
Aberlour 16 Year Old ,https://www.whiskyshop.com/aberlour-16-year-old,£85.00
Strathmill 12 year old ,https://www.whiskyshop.com/strathmill-12-year-old,£59.00
Singleton of Dufftown 15 Year Old,https://www.whiskyshop.com/singleton-of-dufftown-15-year-old,£55.99
Blairmhor 8 Year Old 35cl,https://www.whiskyshop.com/blairmhor-8-year-old-35cl,£19.00
Robert Burns Blend ,https://www.whiskyshop.com/robert-burns-blend,£28.00
Compass Box The Peat Monster ,https://www.whiskyshop.com/compass-box-the-peat-monster,£47.00
Knockando 12 year old ,https://www.whiskyshop.com/knockando-12-year-old,£45.00
Johnnie Walker Blue Label 20cl,https://www.whiskyshop.com/johnnie-walker-blue-label-20cl,£53.99
Glenlossie 10 year old,https://www.whiskyshop.com/glenlossie-10-year-old,£60.00
The Glenlivet 12 Year Old,https://www.whiskyshop.com/the-glenlivet-12-year-old,£40.00
Glenkinchie 12 year old 20cl,https://www.whiskyshop.com/glenkinchie-12-year-old-20cl,£25.00
Dalwhinnie 15 year old 20cl,https://www.whiskyshop.com/dalwhinnie-15-year-old-20cl,£26.00
Cragganmore 12 year old 20cl,https://www.whiskyshop.com/cragganmore-12-year-old-20cl,£25.00
Chivas Regal 12 Year Old ,https://www.whiskyshop.com/chivas-regal-12-year-old-whisky,£34.00
Bunnahabhain 25 Year Old,https://www.whiskyshop.com/bunnahabhain-25-year-old,£360.00
Black Bottle,https://www.whiskyshop.com/black-bottle,£21.00
Balvenie Miniature Pack 3x5cl,https://www.whiskyshop.com/balvenie-miniature-pack-3x5cl,£28.00
Arran Machrie Moor ,https://www.whiskyshop.com/arran-machrie-moor,£55.00
Whyte & Mackay ,https://www.whiskyshop.com/whyte-mackay,£20.00
Teaninich 10 Year Old,https://www.whiskyshop.com/teaninich-10-year-old,£58.00
Mannochmore 12 year old,https://www.whiskyshop.com/mannochmore-12-year-old,£58.00
Johnnie Walker Red Label,https://www.whiskyshop.com/johnnie-walker-red-label,£30.00
The Glenlivet 21 Year Old ,https://www.whiskyshop.com/the-glenlivet-21-year-old,£199.00
GlenDronach 18 Year Old 5cl,https://www.whiskyshop.com/glendronach-18-year-old-5cl,£15.00
Drambuie ,https://www.whiskyshop.com/drambuie,£36.00
Bruadar Liqueur,https://www.whiskyshop.com/bruadar-liqueur,£28.00
Loch Lomond 19 Year Old Royal Portrush,https://www.whiskyshop.com/loch-lomond-19-year-old-royal-portrush,£160.00
The Loch Fyne The Living Cask Batch 7,https://www.whiskyshop.com/the-loch-fyne-the-living-cask-batch-7,£45.00
Octomore 10 Year Old Dialogos,https://www.whiskyshop.com/octomore-10-year-old-dialogos,£160.00
Glenmorangie Allta Private Edition - 10th Anniversary,https://www.whiskyshop.com/glenmorangie-allta-private-edition-10th-anniversary,£79.00
The Glenlivet Nadurra Oloroso Cask Finish,https://www.whiskyshop.com/the-glenlivet-nadurra-oloroso-cask-finish,£61.00
Dalmore 40 Year Old 2018 Release,https://www.whiskyshop.com/dalmore-40-year-old,"£6,750.00"
Johnnie Walker Blenders' Batch Directors Edition 2016,https://www.whiskyshop.com/johnnie-walker-blenders-batch-directors-edition-2016,"£2,995.00"
Compass Box Malt Whisky Collection,https://www.whiskyshop.com/compass-box-malt-whisky-collection,£25.00
Glenrothes 18 Year Old,https://www.whiskyshop.com/glenrothes-18-year-old,£109.00
Glenrothes 12 Year Old,https://www.whiskyshop.com/glenrothes-12-year-old,£45.00
Chivas Regal Mizunara,https://www.whiskyshop.com/chivas-regal-mizunara,£52.00
Monkey Shoulder Smokey Monkey,https://www.whiskyshop.com/monkey-shoulder-smokey-monkey,£45.00
Mortlach 16 Year Old Distiller's Dram,https://www.whiskyshop.com/mortlach-16-year-old-distillers-dram,£80.00
Mortlach 20 Year Old Cowie's Blue Seal,https://www.whiskyshop.com/mortlach-20-year-old-cowie-s-blue-seal,£200.00
Johnnie Walker Blue Label Ghost & Rare: Port Ellen,https://www.whiskyshop.com/johnnie-walker-blue-label-ghost-rare-port-ellen,£264.00
Jura 1988,https://www.whiskyshop.com/jura-1988,£650.00
Glenfiddich Fire & Cane,https://www.whiskyshop.com/glenfiddich-fire-cane,£43.00
The Last Drop Glenrothes 1968 Cask 13504,https://www.whiskyshop.com/the-last-drop-glenrothes-1968-cask-13504,"£5,400.00"
Ailsa Bay 1.2 Sweet Smoke,https://www.whiskyshop.com/ailsa-bay-1-2,£60.00
Fettercairn 40 Year Old,https://www.whiskyshop.com/fettercairn-40-year-old,"£3,000.00"
GlenDronach 15 Year Old Revival,https://www.whiskyshop.com/glendronach-revival-15-year-old,£62.00
Fettercairn 28 Year Old,https://www.whiskyshop.com/fettercairn-28-year-old,£550.00
Fettercairn 12 Year Old,https://www.whiskyshop.com/fettercairn-12-year-old,£47.00
Macallan 30 Year Old Sherry Oak 2020,https://www.whiskyshop.com/macallan-30-year-old-sherry-oak-2020,"£4,750.00"
Old Pulteney 18 Year Old,https://www.whiskyshop.com/old-pulteney-18-year-old,£125.00
Old Pulteney 15 Year Old,https://www.whiskyshop.com/old-pulteney-15-year-old,£75.00
Old Pulteney Huddart,https://www.whiskyshop.com/old-pulteney-huddart,£50.00
The Glenlivet Captain's Reserve,https://www.whiskyshop.com/the-glenlivet-captain-s-reserve,£48.00
Port Charlotte 10 Year Old,https://www.whiskyshop.com/port-charlotte-10-year-old,£62.00
Talisker 40 Year Old,https://www.whiskyshop.com/talisker-40-year-old,"£2,750.00"
Macallan 12 Year Old Triple Cask,https://www.whiskyshop.com/macallan-12-year-old-triple-cask, £51.85
BenRiach 21 Year Old,https://www.whiskyshop.com/benriach-21-year-old,£139.99
The Loch Fyne Chocolate & Orange Liqueur 5cl,https://www.whiskyshop.com/the-loch-fyne-chocolate-orange-liqueur-5cl,£7.00
The Loch Fyne Blend 5cl,https://www.whiskyshop.com/the-loch-fyne-blend-5cl,£7.00
The Glenlivet 25 Year Old,https://www.whiskyshop.com/the-glenlivet-25-year-old,£375.00
The Tweeddale The Evolution,https://www.whiskyshop.com/the-tweeddale-the-evolution,£175.00
Classic Malts Gentle Collection,https://www.whiskyshop.com/classic-malts-gentle-collection,£50.00
Classic Malts Coastal Collection,https://www.whiskyshop.com/classic-malts-coastal-collection,£50.00
Classic Malt Pack Strong 3 x 20cl,https://www.whiskyshop.com/classic-malts-strong-collection,£50.00
Golf Ball on Tee with Tap,https://www.whiskyshop.com/golf-ball-on-tee-with-tap,£80.00
Johnnie Walker Gold Label Reserve,https://www.whiskyshop.com/johnnie-walker-gold-label-reserve,£52.00
Johnnie Walker Double Black,https://www.whiskyshop.com/johnnie-walker-double-black,£49.00
Johnnie Walker Black Label,https://www.whiskyshop.com/johnnie-walker-black-label,£44.00
Jura 18 Year Old,https://www.whiskyshop.com/jura-18-year-old,£75.00
Bunnahabhain 40 Year Old,https://www.whiskyshop.com/bunnahabhain-40-year-old,"£2,225.00"
Jura Seven Wood,https://www.whiskyshop.com/jura-seven-wood,£59.00
Bunnahabhain Toiteach A Dha,https://www.whiskyshop.com/bunnahabhain-toiteach-a-dha,£32.90
Spice Tree ,https://www.whiskyshop.com/spice-tree,£50.00
Macallan 12 Year Old Double Cask,https://www.whiskyshop.com/macallan-12-year-old-double-cask,£60.00
Dalmore 45 Year Old,https://www.whiskyshop.com/dalmore-45-year-old,"£11,000.00"
Bunnahabhain 1980 Canasta Cask Finish,https://www.whiskyshop.com/bunnahabhain-1980-canasta-cask-finish,"£1,800.00"
Macallan 18 Year Old Sherry Oak 2020,https://www.whiskyshop.com/macallan-18-year-old-sherry-oak-2020, £325.00
Dalmore Port Wood Reserve,https://www.whiskyshop.com/dalmore-port-wood-reserve,£65.00
Caol Ila 12 Year Old 20cl,https://www.whiskyshop.com/caol-ila-12-year-old-20cl,£28.00
Shackleton Blended Malt Scotch,https://www.whiskyshop.com/shackleton-blended-malt-scotch, £40.00
Bunnahabhain Stiuireadair,https://www.whiskyshop.com/bunnahabhain-stiuireadair,£33.95
Globe Decanter & 4 Glasses,https://www.whiskyshop.com/globe-and-4-glasses,£80.00
Macallan No 6 1824 Series ,https://www.whiskyshop.com/macallan-no-6-1824-series,"£2,800.00"
Glenfiddich 21 Year Old 20cl,https://www.whiskyshop.com/glenfiddich-21-year-old-20cl,£45.00
Barrel and 2 Glasses,https://www.whiskyshop.com/barrel-and-2-glasses,£80.00
Auchentoshan Gift Pack 3 x 20cl,https://www.whiskyshop.com/auchentoshan-gift-pack-3x20cl,£69.00
Barley Tap and 2 Glasses,https://www.whiskyshop.com/barley-tap-and-2-glasses,£80.00
Glenfiddich IPA Experiment,https://www.whiskyshop.com/glenfiddich-ipa-experiment,£57.00
Laphroaig Lore,https://www.whiskyshop.com/laphroaig-lore,£89.00
Glenfiddich Project XX,https://www.whiskyshop.com/glenfiddich-project-xx,£50.00
Aberlour 18 Year Old,https://www.whiskyshop.com/aberlour-18-year-old,£120.99
Old Pulteney 1983 Vintage,https://www.whiskyshop.com/old-pulteney-1983-vintage,£500.00
Dalmore 35 Year Old,https://www.whiskyshop.com/dalmore-35-year-old,"£4,500.00"
Chivas Regal 25 year old,https://www.whiskyshop.com/chivas-regal-25-year-old,£285.00
The Lost Distillery Co. Lossit,https://www.whiskyshop.com/the-lost-distillery-co-lossit,£50.00
Ardbeg An Oa,https://www.whiskyshop.com/ardbeg-an-oa,£49.00
Dalmore Quintessence,https://www.whiskyshop.com/dalmore-quintessence,"£1,000.00"
Arran 10 Year Old,https://www.whiskyshop.com/arran-10-year-old,£45.00
Caol Ila Moch,https://www.whiskyshop.com/caol-ila-moch,£70.00
The Lost Distillery Co. Jericho,https://www.whiskyshop.com/the-lost-distillery-co-jericho,£50.00
Highland Park Fire,https://www.whiskyshop.com/highland-park-fire,£190.00
Talisker Skye ,https://www.whiskyshop.com/talisker-skye,£45.00
The Lost Distillery Co. Gerston,https://www.whiskyshop.com/the-lost-distillery-co-gerston,£43.99
Robert Burns Malt,https://www.whiskyshop.com/robert-burns-malt,£39.00
Loch Lomond Taster Pack,https://www.whiskyshop.com/loch-lomond-taster-pack,£26.00
Aberlour 12 Year Old,https://www.whiskyshop.com/aberlour-12-year-old,£40.99
The Loch Fyne Whisky Taster Pack,https://www.whiskyshop.com/the-loch-fyne-whisky-gift-pack,£25.00
anCnoc 18 Year Old,https://www.whiskyshop.com/ancnoc-18-year-old,£74.50
Laphroaig Quarter Cask,https://www.whiskyshop.com/laphroaig-quarter-cask,£50.00
The Lost Distillery Co. Auchnagie,https://www.whiskyshop.com/the-lost-distillery-co-auchnagie,£50.00
Benromach 10 Year Old,https://www.whiskyshop.com/benromach-10-year-old,£41.95
Loch Lomond Inchmoan 12 Year Old,https://www.whiskyshop.com/inchmoan-12-year-old,£50.00
Talisker Port Ruighe,https://www.whiskyshop.com/talisker-port-ruighe,£55.00
Macallan 25 Year Old Sherry Oak 2020,https://www.whiskyshop.com/macallan-25-year-old-sherry-oak-2020,"£1,650.00"
Glen Scotia Taster Pack,https://www.whiskyshop.com/glen-scotia-taster-pack,£24.00
Bowmore 25 Year Old,https://www.whiskyshop.com/bowmore-25-year-old,£379.00
Auchentoshan Three Wood,https://www.whiskyshop.com/auchentoshan-three-wood,£61.00
Glen Scotia 25 Year Old,https://www.whiskyshop.com/glen-scotia-25-year-old,£375.00
Benromach Organic,https://www.whiskyshop.com/benromach-organic,£45.95
Talisker Distillers Edition,https://www.whiskyshop.com/talisker-distillers-edition,£67.00
Glenmorangie Signet,https://www.whiskyshop.com/glenmorangie-signet,£175.00
Dalmore King Alexander III,https://www.whiskyshop.com/dalmore-king-alexander-iii,£180.00
Balvenie 21 Year Old PortWood,https://www.whiskyshop.com/balvenie-21-year-old-portwood,£165.00
Loch Lomond Inchmurrin 12 Year Old,https://www.whiskyshop.com/inchmurrin-12-year-old,£35.90
Cragganmore 12 Year Old,https://www.whiskyshop.com/cragganmore-12-year-old,£52.00
Arran Gold Cream Liqueur,https://www.whiskyshop.com/arran-gold-cream-liqueur,£22.00
Laphroaig 10 Year Old Whisky,https://www.whiskyshop.com/laphroaig-10-year-old,£42.00
Highland Park 21 Year Old,https://www.whiskyshop.com/highland-park-21-year-old,£210.00
Cardhu 12 Year Old Gift Set,https://www.whiskyshop.com/cardhu-12-year-old-gift-set,£44.00
Glenmorangie Quinta Ruban,https://www.whiskyshop.com/glenmorangie-quinta-ruban,£58.00
Glenfiddich 18 Year Old,https://www.whiskyshop.com/glenfiddich-18-year-old-small-batch,£80.00
Glendronach Parliament 21 Year Old,https://www.whiskyshop.com/glendronach-parliament-21-year-old,£128.95
Dalmore Cigar Malt,https://www.whiskyshop.com/dalmore-cigar-malt,£80.00
Bowmore 18 Year Old,https://www.whiskyshop.com/bowmore-18-year-old, £109.00
Balvenie 17 Year Old DoubleWood,https://www.whiskyshop.com/balvenie-17-year-old-doublewood,£99.95
Glen Scotia 15 Year Old,https://www.whiskyshop.com/glen-scotia-15-year-old,£63.00
Oban 14 Year Old 20cl,https://www.whiskyshop.com/oban-14-year-old-20cl,£29.00
Deanston Virgin Oak,https://www.whiskyshop.com/deanston-virgin-oak,£34.00
Glen Moray 18 Year Old,https://www.whiskyshop.com/glen-moray-18-year-old,£85.00
Ledaig 18 Year Old,https://www.whiskyshop.com/ledaig-18-year-old,£89.00
Highland Park 18 Year Old,https://www.whiskyshop.com/highland-park-18-year-old,£110.00
Speyburn 15 Year Old,https://www.whiskyshop.com/speyburn-15-year-old,£68.00
Glenmorangie Nectar d'Or,https://www.whiskyshop.com/glenmorangie-nectar-d-or,£65.00
Glenfiddich 15 Year Old Solera,https://www.whiskyshop.com/glenfiddich-15-year-old-solera,£52.00
Caol Ila 18 Year Old,https://www.whiskyshop.com/caol-ila-18-year-old, £94.00
Oban Little Bay,https://www.whiskyshop.com/oban-little-bay, £66.00
Dalwhinnie Distillers Edition,https://www.whiskyshop.com/dalwhinnie-distillers-edition,£76.00
Glen Moray 15 Year Old,https://www.whiskyshop.com/glen-moray-15-year-old,£55.00
The Glenlivet 18 Year Old,https://www.whiskyshop.com/the-glenlivet-18-year-old,£99.00
Speyburn 10 Year Old,https://www.whiskyshop.com/speyburn-10-year-old,£37.00
Glenmorangie Lasanta,https://www.whiskyshop.com/glenmorangie-lasanta,£55.00
GlenDronach 18 Year Old ,https://www.whiskyshop.com/glendronach-18-year-old,£120.00
Dalmore 18 Year Old,https://www.whiskyshop.com/dalmore-18-year-old,£125.00
Dailuaine 16 Year Old,https://www.whiskyshop.com/dailuaine-16-year-old,£55.90
Bruichladdich The Classic Laddie Scottish Barley,https://www.whiskyshop.com/bruichladdich-the-classic-laddie-scottish-barley,£39.50
Bowmore 15 Year Old,https://www.whiskyshop.com/bowmore-15-year-old, £44.99
Balvenie 14 Year Old Caribbean Cask,https://www.whiskyshop.com/balvenie-14-year-old-caribbean-cask,£52.99
Auchentoshan 18 Year Old,https://www.whiskyshop.com/auchentoshan-18-year-old,£96.00
Ardbeg Uigeadail,https://www.whiskyshop.com/ardbeg-uigeadail, £67.00
Loch Lomond 18 Year Old,https://www.whiskyshop.com/loch-lomond-18-year-old, £78.00
Clynelish 14 Year Old 20cl,https://www.whiskyshop.com/clynelish-14-year-old-20cl,£22.50
Glen Scotia Double Cask,https://www.whiskyshop.com/glen-scotia-double-cask,£45.00
Glen Moray 12 Year Old,https://www.whiskyshop.com/glen-moray-12-year-old,£37.00
Deanston 18 Year Old,https://www.whiskyshop.com/deanston-18-year-old,£90.00
The Glenlivet 15 Year Old,https://www.whiskyshop.com/the-glenlivet-15-year-old,£60.00
Oban Distillers Edition,https://www.whiskyshop.com/oban-distillers-edition, £79.00
Macallan 12 Year Old Sherry Oak,https://www.whiskyshop.com/macallan-12-year-old-sherry-oak, £75.00
Glenkinchie 12 Year Old,https://www.whiskyshop.com/glenkinchie-12-year-old,£52.00
Dalmore 15 Year Old,https://www.whiskyshop.com/dalmore-15-year-old,£72.00
Cardhu 15 Year Old,https://www.whiskyshop.com/cardhu-15-year-old,£65.00
Bruichladdich Islay Barley,https://www.whiskyshop.com/bruichladdich-islay-barley,£67.00
Bowmore 12 Year Old,https://www.whiskyshop.com/bowmore-12-year-old, £46.00
Ballantine's 17 Year Old Scapa Edition ,https://www.whiskyshop.com/ballantine-s-17-year-old-scapa-edition,£100.00
Ardbeg Corryvreckan,https://www.whiskyshop.com/ardbeg-corryvreckan,£80.00
Loch Lomond 12 Year Old ,https://www.whiskyshop.com/loch-lomond-12-year-old, £45.00
The Loch Fyne Chocolate & Orange Liqueur,https://www.whiskyshop.com/the-loch-fyne-chocolate-orange-liqueur, £29.00
The Loch Fyne Blend,https://www.whiskyshop.com/the-loch-fyne-blend, £24.00
Oban 14 Year Old,https://www.whiskyshop.com/oban-14-year-old,£65.00
Ledaig 10 Year Old Un Chill Filtered,https://www.whiskyshop.com/ledaig-10-year-old-un-chill-filtered,£50.00
Glenfiddich 12 Year Old,https://www.whiskyshop.com/glenfiddich-12-year-old,£45.00
GlenDronach 12 Year Old,https://www.whiskyshop.com/glendronach-12-year-old,£49.00
Deanston 12 Year Old,https://www.whiskyshop.com/deanston-12-year-old,£49.00
Dalmore 12 Year Old,https://www.whiskyshop.com/dalmore-12-year-old,£50.00
Craigellachie 13 Year Old,https://www.whiskyshop.com/craigellachie-13-year-old,£55.00
Cardhu 12 Year Old,https://www.whiskyshop.com/cardhu-12-year-old,£50.00
Balvenie 12 Year Old DoubleWood,https://www.whiskyshop.com/balvenie-12-year-old-doublewood,£40.00
Aultmore 12 Year Old,https://www.whiskyshop.com/aultmore-12-year-old,£41.95
Auchroisk 10 Year Old,https://www.whiskyshop.com/auchroisk-10-year-old,£48.00
Auchentoshan 12 Year Old,https://www.whiskyshop.com/auchentoshan-12-year-old,£47.00
Ardbeg 10 Year Old ,https://www.whiskyshop.com/ardbeg-10-year-old-whisky,£39.94
The Loch Fyne The Living Cask 1745,https://www.whiskyshop.com/the-loch-fyne-the-living-cask-1745, £75.00
anCnoc 12 Year Old,https://www.whiskyshop.com/ancnoc-12-year-old,£38.00
The Singleton 54 Year Old Paragon of Time II,https://www.whiskyshop.com/singleton-54-year-old,"£28,850.00"
Aberlour 14 Year Old Double Cask ,https://www.whiskyshop.com/aberlour-14-year-old-double-cask,£53.99
Fettercairn 46 Year Old,https://www.whiskyshop.com/fettercairn-46-year-old,"£8,500.00"
Benriach The Smoky Twelve,https://www.whiskyshop.com/benriach-the-smoky-twelve,£51.00
Fettercairn 50 Year Old,https://www.whiskyshop.com/fettercairn-50-year-old,"£17,995.00"
Aberlour Casg Annamh,https://www.whiskyshop.com/aberlour-casg-annamh,£54.99
Aberlour A'bunadh,https://www.whiskyshop.com/aberlour-a-bunadh,£79.00
Glenglassaugh Torfa,https://www.whiskyshop.com/glenglassaugh-torfa,£53.00
Singleton of Dufftown 12 Year Old,https://www.whiskyshop.com/singleton-of-dufftown-12-year-old,£42.00
Old Fashioned Cocktail Bundle,https://www.whiskyshop.com/old-fashioned-cocktail-bundle,
The Naked Grouse,https://www.whiskyshop.com/the-naked-grouse,£30.00
Glenmorangie Original,https://www.whiskyshop.com/glenmorangie-original,£45.00
The Black Grouse ,https://www.whiskyshop.com/the-black-grouse,£28.00
Caol Ila 25 year old ,https://www.whiskyshop.com/caol-ila-25-year-old,£225.00
Arran Sauternes Wood Finish ,https://www.whiskyshop.com/arran-sauternes-wood-finish,£60.00
Old Pulteney Stroma Liqueur ,https://www.whiskyshop.com/old-pulteney-stroma-liqueur,£29.00
Glen Spey 12 Year Old ,https://www.whiskyshop.com/glen-spey-12-year-old,£56.00
Glayva ,https://www.whiskyshop.com/glayva,
